{
  "Customers": {
    "customer_id": "int",
    "name": "string",
    "email": "email",
    "phone": "phone",
    "joined_on": "date"
  },
  "Movies": {
    "movie_id": "int",
    "title": "string",
    "genre": "string",
    "duration": "int",
    "rating": "string",
    "release_date": "date"
  },
  "Theaters": {
    "theater_id": "int",
    "name": "string",
    "location": "string",
    "total_screens": "int"
  },
  "Shows": {
    "show_id": "int",
    "movie_id": "int",
    "theater_id": "int",
    "screen_number": "int",
    "start_time": "datetime",
    "available_seats": "int"
  },
  "Bookings": {
    "booking_id": "int",
    "customer_id": "int",
    "show_id": "int",
    "num_tickets": "int",
    "booking_date": "date",
    "status": "enum"
  },
  "Payments": {
    "payment_id": "int",
    "booking_id": "int",
    "amount": "decimal",
    "payment_method": "string",
    "paid_on": "datetime"
  },
  "Concessions": {
    "item_id": "int",
    "name": "string",
    "price": "decimal",
    "category": "string"
  },
  "Orders": {
    "order_id": "int",
    "customer_id": "int",
    "item_id": "int",
    "quantity": "int",
    "order_time": "datetime"
  },
  "Tickets": {
    "ticket_id": "int",
    "booking_id": "int",
    "seat_number": "string",
    "checked_in": "boolean"
  },
  "Feedback": {
    "feedback_id": "int",
    "customer_id": "int",
    "movie_id": "int",
    "rating": "int",
    "comment": "text",
    "submitted_on": "date"
  },
  "Promotions": {
    "promo_id": "int",
    "title": "string",
    "description": "text",
    "start_date": "date",
    "end_date": "date"
  },
  "AnalyticsReports": {
    "report_id": "int",
    "report_date": "date",
    "total_bookings": "int",
    "revenue": "decimal",
    "top_movie": "string"
  }
}
