{
  "Users": {
    "user_id": "int",
    "name": "string",
    "email": "string",
    "user_type": "string",
    "signup_date": "date",
    "status": "string"
  },
  "Profiles": {
    "user_id": "int",
    "bio": "string",
    "skills": "string",
    "experience_level": "string",
    "rating": "decimal"
  },
  "Projects": {
    "project_id": "int",
    "client_id": "int",
    "title": "string",
    "description": "string",
    "budget": "decimal",
    "status": "string",
    "posted_on": "date"
  },
  "Proposals": {
    "proposal_id": "int",
    "project_id": "int",
    "freelancer_id": "int",
    "bid_amount": "decimal",
    "proposal_date": "date",
    "status": "string"
  },
  "Contracts": {
    "contract_id": "int",
    "project_id": "int",
    "freelancer_id": "int",
    "start_date": "date",
    "end_date": "date",
    "amount": "decimal",
    "status": "string"
  },
  "Milestones": {
    "milestone_id": "int",
    "contract_id": "int",
    "title": "string",
    "amount": "decimal",
    "due_date": "date",
    "status": "string"
  },
  "Payments": {
    "payment_id": "int",
    "contract_id": "int",
    "amount": "decimal",
    "paid_on": "date",
    "status": "string"
  },
  "SupportTickets": {
    "ticket_id": "int",
    "user_id": "int",
    "issue": "string",
    "created_on": "datetime",
    "status": "string",
    "resolved_on": "datetime"
  },
  "Disputes": {
    "dispute_id": "int",
    "contract_id": "int",
    "raised_by": "int",
    "reason": "string",
    "status": "string",
    "resolution": "string"
  },
  "SystemLogs": {
    "log_id": "int",
    "user_id": "int",
    "action": "string",
    "timestamp": "datetime"
  },
  "MarketingCampaigns": {
    "campaign_id": "int",
    "name": "string",
    "start_date": "date",
    "end_date": "date",
    "budget": "decimal",
    "target_audience": "string"
  },
  "AnalyticsReports": {
    "report_id": "int",
    "generated_by": "int",
    "report_type": "string",
    "generated_on": "date",
    "summary": "string"
  }
}
