{
  "Players": {
    "player_id": "int",
    "username": "string",
    "email": "email",
    "country": "string",
    "join_date": "datetime",
    "ranking": "int"
  },
  "Games": {
    "game_id": "int",
    "title": "string",
    "genre": "string",
    "release_date": "date",
    "developer_id": "int"
  },
  "Scores": {
    "score_id": "int",
    "player_id": "int",
    "game_id": "int",
    "score": "int",
    "achieved_at": "datetime"
  },
  "Tournaments": {
    "tournament_id": "int",
    "name": "string",
    "start_date": "date",
    "end_date": "date",
    "organizer_id": "int",
    "prize_pool": "decimal"
  },
  "TournamentParticipants": {
    "tournament_id": "int",
    "player_id": "int",
    "position": "int",
    "reward": "decimal"
  },
  "Developers": {
    "developer_id": "int",
    "name": "string",
    "company": "string",
    "contact_email": "email"
  },
  "Reports": {
    "report_id": "int",
    "reported_by": "int",
    "reported_player_id": "int",
    "reason": "string",
    "status": "string",
    "reported_at": "datetime"
  },
  "Rewards": {
    "reward_id": "int",
    "player_id": "int",
    "reward_type": "string",
    "amount": "decimal",
    "issued_date": "datetime"
  }
}
