{
  "Guests": {
    "guest_id": "int",
    "first_name": "string",
    "last_name": "string",
    "email": "email",
    "phone": "phone",
    "address": "string",
    "id_proof_type": "string",
    "id_proof_number": "string",
    "registration_date": "date"
  },
  "Rooms": {
    "room_id": "int",
    "room_number": "string",
    "room_type": "string",
    "floor": "int",
    "price_per_night": "decimal",
    "status": "string",
    "capacity": "int",
    "amenities": "string"
  },
  "Bookings": {
    "booking_id": "int",
    "guest_id": "int",
    "room_id": "int",
    "check_in_date": "date",
    "check_out_date": "date",
    "booking_date": "date",
    "booking_status": "string",
    "payment_status": "string"
  },
  "Payments": {
    "payment_id": "int",
    "booking_id": "int",
    "amount": "decimal",
    "payment_method": "string",
    "payment_date": "date",
    "payment_status": "string"
  },
  "Receptionists": {
    "staff_id": "int",
    "name": "string",
    "email": "email",
    "phone": "phone",
    "shift": "string"
  },
  "HousekeepingSchedule": {
    "schedule_id": "int",
    "room_id": "int",
    "staff_id": "int",
    "scheduled_date": "date",
    "status": "string",
    "notes": "text"
  },
  "MaintenanceRequests": {
    "request_id": "int",
    "room_id": "int",
    "issue_description": "text",
    "reported_date": "date",
    "status": "string",
    "assigned_to": "string"
  },
  "MarketingCampaigns": {
    "campaign_id": "int",
    "name": "string",
    "start_date": "date",
    "end_date": "date",
    "budget": "decimal",
    "channel": "string",
    "status": "string"
  },
  "HotelManagers": {
    "manager_id": "int",
    "name": "string",
    "email": "email",
    "phone": "phone",
    "department": "string"
  },
  "ReservationAgents": {
    "agent_id": "int",
    "name": "string",
    "email": "email",
    "phone": "phone"
  },
  "FinanceAccounts": {
    "account_id": "int",
    "department": "string",
    "total_revenue": "decimal",
    "expenses": "decimal",
    "report_date": "date"
  },
  "ITSupport": {
    "ticket_id": "int",
    "submitted_by": "string",
    "issue_type": "string",
    "priority": "string",
    "status": "string",
    "created_on": "datetime"
  },
  "Analytics": {
    "report_id": "int",
    "report_name": "string",
    "generated_on": "datetime",
    "data": "json"
  }
}
