{
  "Properties": {
    "property_id": "int",
    "type": "string",
    "location": "string",
    "price": "decimal",
    "size_sqft": "int",
    "status": "string",
    "listing_date": "date",
    "seller_id": "int"
  },
  "Sellers": {
    "seller_id": "int",
    "name": "string",
    "email": "string",
    "phone": "string",
    "listed_properties": "int"
  },
  "Buyers": {
    "buyer_id": "int",
    "name": "string",
    "email": "string",
    "phone": "string",
    "interested_locations": "string"
  },
  "Agents": {
    "agent_id": "int",
    "name": "string",
    "email": "string",
    "phone": "string",
    "licensed_since": "date"
  },
  "Inquiries": {
    "inquiry_id": "int",
    "buyer_id": "int",
    "property_id": "int",
    "inquiry_date": "datetime",
    "status": "string"
  },
  "Appointments": {
    "appointment_id": "int",
    "property_id": "int",
    "buyer_id": "int",
    "agent_id": "int",
    "scheduled_on": "datetime",
    "status": "string"
  },
  "Rentals": {
    "rental_id": "int",
    "property_id": "int",
    "tenant_id": "int",
    "start_date": "date",
    "end_date": "date",
    "monthly_rent": "decimal",
    "payment_status": "string"
  },
  "Valuations": {
    "valuation_id": "int",
    "property_id": "int",
    "expert_name": "string",
    "estimated_value": "decimal",
    "valuation_date": "date",
    "notes": "string"
  },
  "LegalDocuments": {
    "document_id": "int",
    "property_id": "int",
    "document_type": "string",
    "verified_by": "string",
    "status": "string",
    "uploaded_on": "date"
  },
  "MarketingCampaigns": {
    "campaign_id": "int",
    "property_id": "int",
    "platform": "string",
    "start_date": "date",
    "end_date": "date",
    "reach": "int",
    "leads_generated": "int"
  },
  "AnalyticsReports": {
    "report_id": "int",
    "generated_by": "int",
    "report_type": "string",
    "summary": "string",
    "created_on": "date"
  }
}
