{
  "Students": {
    "student_id": "int",
    "name": "string",
    "age": "int",
    "class": "string",
    "parent_id": "int",
    "pickup_location": "string",
    "drop_location": "string",
    "assigned_route_id": "int"
  },
  "Parents": {
    "parent_id": "int",
    "name": "string",
    "phone": "phone",
    "email": "email",
    "address": "string"
  },
  "Drivers": {
    "driver_id": "int",
    "name": "string",
    "phone": "phone",
    "license_number": "string",
    "assigned_bus_id": "int",
    "shift_time": "string"
  },
  "Buses": {
    "bus_id": "int",
    "vehicle_number": "string",
    "capacity": "int",
    "status": "string",
    "route_id": "int"
  },
  "Routes": {
    "route_id": "int",
    "route_name": "string",
    "start_point": "string",
    "end_point": "string",
    "stops": "string",
    "estimated_time": "string"
  },
  "Complaints": {
    "complaint_id": "int",
    "student_id": "int",
    "submitted_by": "string",
    "description": "string",
    "status": "string",
    "submitted_at": "datetime"
  },
  "Payments": {
    "payment_id": "int",
    "student_id": "int",
    "amount": "decimal",
    "payment_date": "datetime",
    "status": "string",
    "method": "string"
  },
  "MaintenanceLogs": {
    "log_id": "int",
    "bus_id": "int",
    "issue_description": "string",
    "reported_at": "datetime",
    "resolved_at": "datetime",
    "status": "string"
  }
}
