{
  "Users": {
    "user_id": "int",
    "username": "string",
    "email": "string",
    "join_date": "date",
    "status": "string"
  },
  "Posts": {
    "post_id": "int",
    "user_id": "int",
    "content": "string",
    "media_url": "string",
    "posted_on": "datetime",
    "visibility": "string"
  },
  "Comments": {
    "comment_id": "int",
    "post_id": "int",
    "user_id": "int",
    "content": "string",
    "commented_on": "datetime"
  },
  "Likes": {
    "like_id": "int",
    "post_id": "int",
    "user_id": "int",
    "liked_on": "datetime"
  },
  "ModerationLogs": {
    "mod_id": "int",
    "action_by": "int",
    "action_type": "string",
    "target_id": "int",
    "target_type": "string",
    "timestamp": "datetime"
  },
  "SupportTickets": {
    "ticket_id": "int",
    "user_id": "int",
    "issue": "string",
    "status": "string",
    "created_at": "datetime",
    "resolved_at": "datetime"
  },
  "Ads": {
    "ad_id": "int",
    "advertiser_id": "int",
    "content": "string",
    "start_date": "date",
    "end_date": "date",
    "budget": "decimal",
    "status": "string"
  },
  "Advertisers": {
    "advertiser_id": "int",
    "name": "string",
    "email": "string",
    "company": "string"
  },
  "ProductFeatures": {
    "feature_id": "int",
    "feature_name": "string",
    "description": "string",
    "created_by": "int",
    "created_on": "date"
  },
  "AppVersions": {
    "version_id": "int",
    "version": "string",
    "release_date": "date",
    "features": "string"
  },
  "SystemLogs": {
    "log_id": "int",
    "admin_id": "int",
    "action": "string",
    "timestamp": "datetime"
  },
  "ComplianceChecks": {
    "check_id": "int",
    "content_id": "int",
    "check_type": "string",
    "result": "string",
    "checked_on": "date",
    "officer_id": "int"
  },
  "AnalyticsReports": {
    "report_id": "int",
    "report_type": "string",
    "generated_by": "int",
    "generated_on": "date",
    "summary": "string"
  }
}
