{
  "Customers": {
    "customer_id": "int",
    "name": "string",
    "email": "email",
    "phone": "phone",
    "address": "string"
  },
  "Events": {
    "event_id": "int",
    "name": "string",
    "organizer_id": "int",
    "venue_id": "int",
    "start_datetime": "datetime",
    "end_datetime": "datetime",
    "category": "string",
    "status": "string"
  },
  "Venues": {
    "venue_id": "int",
    "name": "string",
    "location": "string",
    "capacity": "int",
    "manager_id": "int"
  },
  "Organizers": {
    "organizer_id": "int",
    "name": "string",
    "email": "email",
    "phone": "phone",
    "company_name": "string"
  },
  "Tickets": {
    "ticket_id": "int",
    "event_id": "int",
    "customer_id": "int",
    "purchase_date": "date",
    "price": "decimal",
    "status": "string"
  },
  "Agents": {
    "agent_id": "int",
    "name": "string",
    "email": "email",
    "assigned_events": "string"
  },
  "SecurityLogs": {
    "log_id": "int",
    "event_id": "int",
    "timestamp": "datetime",
    "issue_description": "string",
    "resolved": "boolean"
  },
  "Payments": {
    "payment_id": "int",
    "ticket_id": "int",
    "amount": "decimal",
    "payment_date": "datetime",
    "method": "string",
    "status": "string"
  },
  "Feedback": {
    "feedback_id": "int",
    "event_id": "int",
    "customer_id": "int",
    "rating": "int",
    "comment": "string",
    "submitted_at": "datetime"
  }
}
